{"ResultCode":0,"Record":[
{"ID":"1","CDate":"2012-12-23","Content":"发布iOSBook0","UserID":"tony"},
{"ID":"2","CDate":"2012-12-24","Content":"发布iOSBook1","UserID":"tony"},
{"ID":"3","CDate":"2012-12-25","Content":"发布iOSBook2","UserID":"tony"},
{"ID":"4","CDate":"2012-12-26","Content":"发布iOSBook3","UserID":"tony"},
{"ID":"5","CDate":"2012-12-27","Content":"发布iOSBook4","UserID":"tony"},
{"ID":"6","CDate":"2012-12-28","Content":"发布iOSBook5","UserID":"tony"},
{"ID":"7","CDate":"2012-12-29","Content":"发布iOSBook6","UserID":"tony"},
{"ID":"8","CDate":"2012-12-30","Content":"发布iOSBook7","UserID":"tony"},
{"ID":"9","CDate":"2012-12-31","Content":"发布iOSBook8","UserID":"tony"},
{"ID":"10","CDate":"2012-12-32","Content":"发布iOSBook9","UserID":"tony"},
{"ID":"11","CDate":"2012-12-33","Content":"发布iOSBook10","UserID":"tony"},
{"ID":"12","CDate":"2012-12-34","Content":"发布iOSBook11","UserID":"tony"},
{"ID":"13","CDate":"2012-12-35","Content":"发布iOSBook12","UserID":"tony"},
{"ID":"14","CDate":"2012-12-36","Content":"发布iOSBook13","UserID":"tony"},
{"ID":"15","CDate":"2012-12-37","Content":"发布iOSBook14","UserID":"tony"},
{"ID":"16","CDate":"2012-12-38","Content":"发布iOSBook15","UserID":"tony"},
{"ID":"17","CDate":"2012-12-39","Content":"发布iOSBook16","UserID":"tony"},
{"ID":"18","CDate":"2012-12-40","Content":"发布iOSBook17","UserID":"tony"},
{"ID":"19","CDate":"2012-12-41","Content":"发布iOSBook18","UserID":"tony"},
{"ID":"20","CDate":"2012-12-42","Content":"发布iOSBook19","UserID":"tony"},
{"ID":"21","CDate":"2012-12-43","Content":"发布iOSBook20","UserID":"tony"},
{"ID":"22","CDate":"2012-12-44","Content":"发布iOSBook21","UserID":"tony"}]}