{
  "images" : [
    {
      "idiom" : "iphone",
      "scale" : "1x",
      "filename" : "logo28h.png"
    },
    {
      "idiom" : "iphone",
      "scale" : "2x",
      "filename" : "logo28h@2x.png"
    },
    {
      "idiom" : "iphone",
      "filename" : "logo28h@4x.png",
      "subtype" : "retina4",
      "scale" : "2x"
    },
    {
      "idiom" : "iphone",
      "scale" : "3x",
      "filename" : "logo28h@3x.png"
    },
    {
      "idiom" : "ipad",
      "scale" : "1x",
      "filename" : "logo28h-1.png"
    },
    {
      "idiom" : "ipad",
      "scale" : "2x",
      "filename" : "logo28h@2x-1.png"
    }
  ],
  "info" : {
    "version" : 1,
    "author" : "xcode"
  }
}